ID,pKi,Smiles
CHEMBL3685195,8.7,O=C(Nc1ccc(Cl)c(-c2ccc3cc(NC(=O)C4CC4)ncc3c2)c1)C1CCOCC1
CHEMBL3685132,8.15,Cn1ccc(Oc2ccc3cc(NC(=O)C4CC4)ncc3c2)n1
CHEMBL3685135,7.96,O=C(Nc1cc2ccc(-c3ccc4cn[nH]c4c3)cc2cn1)C1CC1
CHEMBL3685092,9.1,CC(C)Oc1ccc2cc(NC(=O)C3CC3)ncc2c1
CHEMBL3685139,9.52,Cc1ccc(NC(=O)c2ccc(CN3CCN(C)CC3)cc2)cc1-c1ccc2cc(NC(=O)C3CC3)ncc2c1
CHEMBL3685061,7.89,Cc1nc(-c2ccc3cc(NC(=O)C4CC4)ncc3c2)cs1
CHEMBL3689554,10.7,Cc1c(-c2ccc3cc(NC(=O)C4CC4)ncc3c2)cnc(CO)c1F
CHEMBL3689547,9.7,Cc1ccc(NC(=O)C2CN(C)CCO2)cc1-c1ccc2cc(NC(=O)C3CC3)ncc2c1
CHEMBL2397803,5.88,ClC(Cn1ncc2c(NCc3ccccc3)ncnc21)c1ccc(Br)cc1
CHEMBL3685023,10.4,O=C(Nc1cc2ccc(-c3cc(O)ccc3Cl)cc2cn1)C1CC1
CHEMBL3689663,9,Cc1ccc(F)cc1-c1cc2cnc(NC(=O)C3CC3)cc2c(-c2cnccc2C)n1
CHEMBL270454,6.04,O=C(Nc1nnc(SCc2ccccc2)s1)c1ccccc1Cl
CHEMBL2397800,5.84,Fc1cccc(Nc2ncnc3c2cnn3CC(Cl)c2ccccc2)c1
CHEMBL3685140,9.15,Cc1ccc(NC(=O)c2ccc(CN3CCN(C)CC3)c(Cl)c2)cc1-c1ccc2cc(NC(=O)C3CC3)ncc2c1
CHEMBL3689601,8.7,Cc1ccc(NC(=O)N2CCS(=O)(=O)CC2)cc1-c1ccc2cc(NC(=O)C3CC3)ncc2c1
CHEMBL3689650,9,Cc1ccc(F)cc1-c1cc2cnc(NC(=O)C3CC3)cc2c(C#N)n1
CHEMBL210766,6.1,O=C1NN(c2ccc(I)cc2)C(=O)C1=Cc1ccc(I)cc1
CHEMBL3689685,7.77,Cc1cc2cc(NC(=O)C3CC3)ncc2nc1-c1cc(F)ccc1Cl
CHEMBL3639839,7.24,Cc1ccc(F)cc1-c1ccc2cc(NC(=O)c3cccc(F)c3)ncc2c1
CHEMBL415264,6.43,CSc1nc(NCCc2ccc(C)cc2)c2cnn(CC(Cl)c3ccccc3)c2n1
CHEMBL3689708,9.26,O=C(Nc1cc2ccc(-c3ccccc3F)cc2cn1)C1CC1
CHEMBL3689565,9.375,Cc1ccc(NC(=O)C2COCCO2)cc1-c1ccc2cc(NC(=O)C3CC3)ncc2c1
CHEMBL3689722,10.73,Cc1c(F)cncc1-c1ccc2cc(NC(=O)C3CC3F)ncc2c1
CHEMBL3685089,10.52,Cc1c(O)cccc1-c1ccc2cc(NC(=O)C3CC3)ncc2c1
CHEMBL3685125,7.68,Cc1ccc(F)cc1-c1ccc2cc(Nc3cccc(=O)[nH]3)ncc2c1
CHEMBL255738,6.9025,O=C(Nc1nnc(SCc2ccc(F)cc2)s1)c1ccc(F)cc1
CHEMBL3685196,7.57,O=C(Nc1ccc(F)c(-c2ccc3cc(NC(=O)C4CC4)ncc3c2)c1)C1CCOCC1
CHEMBL2397810,5.57,Fc1ccc(F)c(CNc2ncnc3c2cnn3CC(Cl)c2ccc(Br)cc2)c1
CHEMBL475740,6.66,CSc1nc(NCc2ccc(F)cc2)c2cnn(CC(Cl)c3ccc(F)cc3)c2n1
CHEMBL3685146,10,Cc1cc(Cl)ncc1-c1ccc2cc(NC(=O)C3CC3)ncc2c1
CHEMBL2397815,5.32,COc1cccc(CNc2ncnc3c2cnn3CC(Cl)c2ccc(Br)cc2)c1
CHEMBL3685180,10.7,Cc1cc(CO)ncc1-c1ccc2cc(NC(=O)C3CC3)ncc2c1
CHEMBL3685022,8.52,Cc1n[nH]c(C)c1-c1ccc2cc(NC(=O)C3CC3)ncc2c1
CHEMBL3685163,9.1,O=C(Nc1cc2ccc(-c3cc(CO)ccc3F)cc2cn1)C1CC1
CHEMBL3288854,6.92,Cc1[nH]c(C=C2C(=O)Nc3ccc(F)cc32)c(C)c1NC(=O)CCN1CCN(C)CC1
CHEMBL3689671,9.15,Cc1ccc(F)cc1-c1cc2cnc(NC(=O)C3CC3)cc2c(OC2CCNCC2)n1
CHEMBL3689677,9.4,Cc1ccncc1-c1cc2cnc(NC(=O)C3CC3F)cc2cn1
CHEMBL238304,6.96,CSc1nc(NCCc2ccccc2)c2cnn(CC(Cl)c3ccc(Cl)cc3)c2n1
CHEMBL3689743,9.78,Cc1cc[n+]([O-])cc1-c1ccc2cc(NC(=O)C3CC3)ncc2c1
CHEMBL3685004,7.41,Cc1ccc(F)cc1-c1ccc2cc(NC(=O)C3CCCCC3)ncc2c1
CHEMBL3685100,8.7,Cc1ccc(F)cc1-c1ccc2c(Cl)c(NC(=O)C3CC3)ncc2c1
CHEMBL3689551,9,CC(C)[S+]([O-])c1ccc2cc(NC(=O)C3CC3)ncc2c1
CHEMBL411043,6.41,ClC(Cn1ncc2c(NCc3ccccc3)ncnc21)c1ccccc1
CHEMBL3685175,8.7,Cc1ccc(NC(=O)c2cccc(C(F)(F)F)c2)cc1-c1ccc2cc(NC(=O)C3CC3)ncc2c1
CHEMBL3685156,8.52,Cc1ncc(CO)cc1-c1ccc2cc(NC(=O)C3CC3)ncc2c1
CHEMBL454922,6.28,CCCCNc1nc(SCCC)nc2c1cnn2CC(Cl)c1ccccc1
CHEMBL3689584,9.7,Cc1ccc(F)cc1-c1ccc2cc(NC(=O)C3CC3c3ccc(CN(C)C)cc3)ncc2c1
CHEMBL3689720,9.8,O=C(Nc1cc2ccc(-c3cc(F)cc4[nH]ncc34)cc2cn1)C1CC1
CHEMBL235758,6.7,CSc1nc(NCCc2cccc(Cl)c2)c2cnn(CC(Cl)c3ccccc3)c2n1
CHEMBL3689649,10.1,Cc1ccc(F)cc1-c1cc2cnc(NC(=O)C3CC3)cc2c(C)n1
CHEMBL3689653,9.7,Cc1ccc(F)cc1-c1cc2cnc(NC(=O)C3CC3)cc2c(CO)n1
CHEMBL3685036,9,Cc1ncccc1-c1ccc2cc(NC(=O)C3CC3)ncc2c1
CHEMBL3685147,10.15,O=C(Nc1cc2ccc(-c3cnccc3Cl)cc2cn1)C1CC1
CHEMBL3685071,7.38,Cc1ccc(F)cc1-c1ccc2cc(NS(=O)(=O)C3CC3)ncc2c1
CHEMBL406658,7.1,Fc1ccc(CNc2ncnc3c2cnn3CC(Cl)c2ccc(Cl)cc2)cc1
CHEMBL209617,6.22,O=C1NN(c2ccc(I)cc2)C(=O)C1=Cc1ccccc1
CHEMBL83847,6.4,CCN(CC)c1nc(SC)nc2c1cnn2CC(Cl)c1ccccc1
CHEMBL455163,6.26,CCOCCNc1nc(SC)nc2c1cnn2CC(Br)c1ccccc1
CHEMBL3639885,9.69,Cc1cccc(C)c1-c1ccc2cc(NC(=O)C3CC3)ncc2c1
CHEMBL270958,6.14,Fc1ccccc1CNc1ncnc2c1cnn2CC(Cl)c1ccccc1
CHEMBL3639840,10.7,Cc1c(F)cncc1-c1ccc2cc(NC(=O)C3CC3)ncc2c1
CHEMBL3394092,6.92,ClC(Cn1ncc2c(Nc3cccc(Br)c3)nc(SCCN3CCOCC3)nc21)c1ccccc1
CHEMBL3685187,9.7,Cc1ccncc1-c1ccc2cc(Nc3cccc(CO)n3)ncc2c1
CHEMBL3689716,7.38,CC1CC(C)N1c1ccc2cc(NC(=O)C3CC3F)ncc2c1
CHEMBL3617738,6.14,O=C(CCCCCC(=O)N1CCCC1c1ccco1)Nc1cccc(Nc2nccc(Nc3cc(C4CC4)[nH]n3)n2)c1
CHEMBL3689560,8.7,Cc1nc(N)ncc1-c1ccc2cc(NC(=O)C3CC3)ncc2c1
CHEMBL3685161,8.7,O=C(Nc1cc2ccc(-c3cccc(CO)c3)cc2cn1)C1CC1
CHEMBL3689705,7.71,O=C(Nc1cc2ccc(-c3c(Cl)cccc3C(F)(F)F)cc2cn1)C1CC1
CHEMBL3689752,7.62,Cc1ncc(C(=O)NC2CCC2)cc1-c1ccc2cc(N)ncc2c1
CHEMBL3689660,9.52,Cc1ccc(F)cc1-c1cc2cnc(NC(=O)C3CC3)cc2c(S(C)(=O)=O)n1
CHEMBL3685141,7.92,CC(C)COc1ccc2cc(NC(=O)C3CC3)ncc2c1
CHEMBL3689648,9.4,Cc1ccc(F)cc1-c1cc2cnc(NC(=O)C3CC3)cc2c[n+]1[O-]
CHEMBL235756,6.64,CSc1nc(NCCc2cccc(F)c2)c2cnn(CC(Cl)c3ccccc3)c2n1
CHEMBL3685035,10,Cc1cccnc1-c1ccc2cc(NC(=O)C3CC3)ncc2c1
CHEMBL1775046,6.18,Clc1ccc(C(Cl)Cn2ncc3c(NCc4ccncc4)ncnc32)cc1
CHEMBL3689676,9.4,Cc1ccc(F)cc1-c1cc2cnc(NC(=O)C3CC3)cc2c(C2CCOC2)n1
CHEMBL3685164,8.15,CCOc1ccc2cc(NC(=O)C3CC3)ncc2c1
CHEMBL3689691,9.1,Cc1nc(Cl)ncc1-c1ccc2cc(NC(=O)C3CC3)ncc2c1
CHEMBL272288,6.78,O=C(Nc1nnc(SCc2cccc(F)c2)s1)c1ccc(F)cc1
CHEMBL3685098,9.05,Cc1ccc(C(N)=O)cc1-c1ccc2cc(NC(=O)C3CC3)ncc2c1
CHEMBL2397798,6.18,Fc1ccc(C(Cl)Cn2ncc3c(Nc4cccc(Br)c4)ncnc32)cc1
CHEMBL3689659,9.52,Cc1ccc(F)cc1-c1cc2cnc(NC(=O)C3CC3)cc2c(-c2ccnn2C)n1
CHEMBL3685150,9.22,O=C1Cc2c(cccc2-c2ccc3cc(NC(=O)C4CC4)ncc3c2)N1
CHEMBL412298,7.4,Fc1cccc(CNc2ncnc3c2cnn3CC(Cl)c2ccccc2)c1
CHEMBL3684996,6.86,Clc1ccccc1-c1ccc2cc(Nc3ncccn3)ncc2c1
CHEMBL207986,5.89,O=C(Nc1nnc(CCc2ccccc2)s1)c1ccccc1I
CHEMBL3685056,10.7,Cc1ccc(O)cc1-c1ccc2cc(NC(=O)C3CC3)ncc2c1
CHEMBL3689696,10.15,Cc1cccc(F)c1-c1ccc2cc(NC(=O)C3CC3)ncc2c1
CHEMBL3689599,8,Cc1ccc(NS(=O)(=O)C2CCCC2)cc1-c1ccc2cc(NC(=O)C3CC3)ncc2c1
CHEMBL508027,6.49,CCCCNc1nc(SC)nc2c1cnn2CC(Br)c1ccccc1
CHEMBL3689668,9.7,Cc1ccc(F)cc1-c1cc2cnc(NC(=O)C3CC3)cc2c(C(C)(C)O)n1
CHEMBL1775044,6.14,CCCNc1nc(S(C)(=O)=O)nc2c1cnn2C=Cc1ccccc1
CHEMBL3685095,10.52,Cc1cc(F)c(O)cc1-c1ccc2cc(NC(=O)C3CC3)ncc2c1
CHEMBL3685113,8.7,CCN1CCC(C(=O)Nc2cc3ccc(-c4cc(F)ccc4C)cc3cn2)CC1
CHEMBL3689719,10.14,O=C(Nc1cc2ccc(-c3cccc4[nH]nnc34)cc2cn1)C1CC1
CHEMBL3685068,10.22,N#Cc1cc(F)ccc1-c1ccc2cc(NC(=O)C3CC3)ncc2c1
CHEMBL3689718,9.77,Cc1c(F)cncc1-c1cc2cnc(NC(=O)C3CC3F)cc2cn1
CHEMBL507594,5.85,CSc1nc(N2CCCC2)c2cnn(CC(Br)c3ccccc3)c2n1
CHEMBL3689744,7.38,Cc1ccncc1-c1cc2c[n+]([O-])c(NC(=O)C3CC3F)cc2cn1
CHEMBL3685118,9.05,Cc1ccc(F)cc1-c1ccc2cc(NC(=O)CC3CC3)ncc2c1
CHEMBL3685045,9.7,Cc1ccc(C#N)cc1-c1ccc2cc(NC(=O)C3CC3)ncc2c1
CHEMBL3685065,7.48,Cc1ccc(F)cc1-c1ccc2cc(NC(=O)C(F)(F)F)ncc2c1
CHEMBL3685165,8.22,O=C(Nc1cc2ccc(OCCO)cc2cn1)C1CC1
CHEMBL3689669,9,Cc1c2cc(NC(=O)C3CC3)ncc2cc(-c2ccccc2Cl)[n+]1[O-]
CHEMBL3689641,8.7,COc1nc(-c2ccccc2Cl)cc2cnc(NC(=O)C3CC3)cc12
CHEMBL3685143,8.4,Nc1cncc(-c2ccc3cc(NC(=O)C4CC4)ncc3c2)c1
CHEMBL3689735,7.47,Cc1cc(C(O)C(F)F)ncc1-c1ccc2cc(NC(=O)C3CC3F)ncc2c1
CHEMBL3689620,9.15,Cc1ccncc1-c1ccc2c(C#N)c(NC(=O)C3CC3)ncc2c1
CHEMBL3689585,8.7,COCC(=O)Nc1ccc(C)c(-c2ccc3cc(NC(=O)C4CC4)ncc3c2)c1
CHEMBL3685055,10.15,N#Cc1cc(F)c(F)cc1-c1ccc2cc(NC(=O)C3CC3)ncc2c1
CHEMBL3685020,10.52,Cc1ccncc1-c1ccc2cc(NC(=O)C3CC3)ncc2c1
CHEMBL3689702,8.86,O=C(Nc1cc2ccc(-c3ccncc3Cl)cc2cn1)C1CC1
CHEMBL3685198,9.22,Cc1ccc(NC(=O)C2CCCO2)cc1-c1ccc2cc(NC(=O)C3CC3)ncc2c1
CHEMBL3685138,9.15,CC(C)Nc1ccc2cc(NC(=O)C3CC3)ncc2c1
CHEMBL475739,6.01,CSc1nc(N2CCOCC2)c2cnn(CC(Cl)c3ccc(F)cc3)c2n1
CHEMBL3685042,8.52,Cc1ccc(F)cc1-c1ccc2cc(NC(=O)CC(F)(F)F)ncc2c1
CHEMBL3685170,9.125,Cc1ccc(F)cc1-c1ccc2cc(NC(=O)C3CC3C)ncc2c1
CHEMBL3685191,9.4,O=C(Nc1cc2ccc(-c3cnccc3CO)cc2cn1)C1CC1
CHEMBL3689589,9,O=C(Nc1cc2ccc(-c3cccc4[nH]cnc34)cc2cn1)C1CC1
CHEMBL3689707,9.51,O=C(Nc1cc2ccc(-c3ccccc3Cl)cc2cn1)C1CC1
CHEMBL1785021,5.8,CCOc1ccc2cc(-c3nn(C(C)C)c4ncnc(N)c34)ccc2c1
CHEMBL3685129,8.4,Cc1ccc(F)cc1-c1ccc2cc(NC(=O)N3CCN(C)CC3)ncc2c1
CHEMBL1629808,7.19,CSc1nc(NCc2cccc(Br)c2)c2cnn(CC(Cl)c3ccccc3)c2n1
CHEMBL3685126,8.4,Cc1ncc(-c2ccc3cc(NC(=O)C4CC4)ncc3c2)cc1F
CHEMBL255165,6.68,O=C(Nc1nnc(SCc2ccc([N+](=O)[O-])cc2)s1)c1ccc(F)cc1
CHEMBL3689539,9.4,CN1CCN(Cc2ccc(C(=O)Nc3ccc(Cl)c(-c4ccc5cc(NC(=O)C6CC6)ncc5c4)c3)cc2)CC1
CHEMBL475337,6.41,CCCCNc1nc(SC)nc2c1cnn2CC(Cl)c1ccc(Cl)cc1
CHEMBL3689576,9.4,Cc1ccc(NC(=O)c2ccc(CN3CCN(C)CC3)cc2)cc1-c1ccc2cc(N)ncc2c1
CHEMBL3685087,9.15,O=C(Nc1cc2ccc(-c3ccc[nH]3)cc2cn1)C1CC1
CHEMBL3685039,6.62,O=C(Nc1cc2ccc(N3CCNCC3)cc2cn1)C1CC1
CHEMBL3689698,9.46,O=C(Nc1cc2ccc(-c3cc(F)ccc3F)cc2cn1)C1CC1
CHEMBL2397804,7.68,Clc1cccc(CNc2ncnc3c2cnn3CC(Cl)c2ccc(Br)cc2)c1
CHEMBL402568,7.04,O=C(Nc1nnc(SCc2ccc([N+](=O)[O-])cc2)s1)c1ccc(Cl)cc1
CHEMBL3685123,9,Cc1ccc(F)cc1-c1ccc2cc(NC(=O)NC(C)C)ncc2c1
CHEMBL3689596,10.11,Cc1cc(C(O)C(F)(F)F)ncc1-c1ccc2cc(NC(=O)C3CC3)ncc2c1
CHEMBL3689561,7.38,Cc1c(NC(=O)C2CCOCC2)cncc1-c1ccc2cc(NC(=O)C3CC3)ncc2c1
CHEMBL3685185,7.89,CC(C)(C)Oc1ccc2cc(NC(=O)C3CC3)ncc2c1
CHEMBL3685166,9.1,CC(CO)Cc1ccc2cc(NC(=O)C3CC3)ncc2c1
CHEMBL3689755,7.47,Cc1ccc(C(=O)NC2(C)CCC2)cc1-c1ccc2c(Cl)c(N)ncc2c1
CHEMBL3685012,9,Nc1ccc(-c2ccc3cc(NC(=O)C4CC4)ncc3c2)cn1
CHEMBL376993,5.7,COc1cc(SC)ccc1C(=O)Nc1nnc(CCc2ccccc2)s1
CHEMBL3685105,8.3,O=C(Nc1cc2ccc(Oc3ccccc3Cl)cc2cn1)C1CC1
CHEMBL3689606,10,Cc1ncc(O)cc1-c1ccc2cc(NC(=O)C3CC3)ncc2c1
CHEMBL1165511,5.9825,Fc1ccc(C(Cl)Cn2ncc3c(Nc4cccc(F)c4)ncnc32)cc1
CHEMBL238774,6.62,Clc1cccc(Nc2ncnc3c2cnn3CC(Cl)c2ccccc2)c1
CHEMBL3685040,7.8,Cn1c(-c2ccc3cc(NC(=O)C4CC4)ncc3c2)cccc1=O
CHEMBL3689712,7.66,CCCS(=O)(=O)Nc1ccc(F)c(-c2ccc3cc(NC(C)=O)ncc3c2)c1F
CHEMBL3685149,8.05,Cn1ncc2c(-c3ccc4cc(NC(=O)C5CC5)ncc4c3)cccc21
CHEMBL3689617,7.4,Cc1ccc(C(=O)N2CCOCC2)cc1-c1ccc2cc(NC(=O)C3CC3)ncc2c1
CHEMBL2397812,5.52,ClC(Cn1ncc2c(NCc3ccc(Br)cc3)ncnc21)c1ccc(Br)cc1
CHEMBL271010,6.39,O=C(Nc1nnc(SCc2ccc(F)cc2)s1)c1ccccc1Cl
CHEMBL3689637,9.52,O=C(Nc1cc2cnc(-c3ccccc3Cl)cc2cn1)C1CC1
CHEMBL3689581,7.7,Cc1cc(-c2ccc3cc(NC(=O)C4CC4)ncc3c2)c(C)cn1
CHEMBL3685076,7.7,Cc1ccc(C(F)(F)F)cc1-c1ccc2cc(NC(=O)C3CC3)ncc2c1
CHEMBL3689655,9.7,Cc1ccc(F)cc1-c1cc2cnc(NC(=O)C3CC3)cc2c(-c2cccnc2)n1
CHEMBL3639884,8.4,Cc1cnc(CO)cc1-c1ccc2cc(NC(=O)C3CC3)ncc2c1
CHEMBL3689552,9,CC(C)S(=O)(=O)c1ccc2cc(NC(=O)C3CC3)ncc2c1
CHEMBL401447,6.82,CCCSc1nc(Nc2cccc(Cl)c2)c2cnn(CC(Cl)c3ccccc3)c2n1
CHEMBL238561,7.22,CSc1nc(Nc2cccc(Br)c2)c2cnn(CC(Cl)c3ccccc3)c2n1
CHEMBL3689674,8.3,CNCc1nc(-c2cc(F)ccc2C)cc2cnc(NC(=O)C3CC3)cc12
CHEMBL1775047,5.8,Fc1ccc(C(Cl)Cn2ncc3c(NCc4ccncc4)ncnc32)cc1
CHEMBL3689700,9.94,Cc1ccc(F)cc1-c1ccc2cc(NC(=O)C3CC3)ncc2c1
CHEMBL3689632,10,Cc1cc(C(O)C(F)(F)F)ncc1-c1ccc2cc(NC(=O)C3CC3F)ncc2c1
CHEMBL2397796,7.26,Fc1cccc(CNc2ncnc3c2cnn3CC(Cl)c2ccc(Br)cc2)c1
CHEMBL3685115,9.15,Cc1ccc(F)cc1-c1ccc2c(F)c(NC(=O)C3CC3)ncc2c1
CHEMBL1836681,5.31,Fc1cccc(CNc2ncnc3c2cnn3CCc2ccccc2)c1
CHEMBL2397809,5.6,Fc1ccc(CNc2ncnc3c2cnn3CC(Cl)c2ccc(Br)cc2)cc1
CHEMBL3685007,7.82,Cc1ccc(F)cc1-c1ccc2cc(NC(=O)C3(F)CC3)ncc2c1
CHEMBL3689666,10,Cc1ccc(F)cc1-c1cc2cnc(NC(=O)C3CC3)cc2c(-c2cnn(C)c2)n1
CHEMBL3685090,7.38,Cc1ccc(F)cc1-c1ccc2cc(NC(C)C(F)(F)F)ncc2c1
CHEMBL3685019,9.4,CC(C)Oc1ccc(F)cc1-c1ccc2cc(NC(=O)C3CC3)ncc2c1
CHEMBL3685049,10.025,Cc1ccc(F)cc1-c1ccc2cc(NC(=O)C3CC3F)ncc2c1
CHEMBL3685060,9.15,Cc1cc(C)c(-c2ccc3cc(NC(=O)C4CC4)ncc3c2)cn1
CHEMBL473923,6.55,CN(C)c1nc(N2CCOCC2)c2cnn(CC(Cl)c3ccccc3)c2n1
CHEMBL3685097,10.05,O=C(Nc1cc2ccc(-c3ccc(F)c(O)c3)cc2cn1)C1CC1
CHEMBL206046,6.4,O=C(Nc1nnc(CCc2ccccc2)s1)c1ccc(I)cc1
CHEMBL3685186,9.52,Cc1ccc(NC(=O)c2ccc(C(C)N(C)C)cc2)cc1-c1ccc2cc(NC(=O)C3CC3)ncc2c1
CHEMBL1836677,6.11,CSc1nc(NCc2ccccc2Cl)c2cnn(CC(C)c3ccccc3)c2n1
CHEMBL3685179,10.4,Cc1c(O)cncc1-c1ccc2cc(NC(=O)C3CC3)ncc2c1
CHEMBL3685082,7.57,O=C(Nc1cc2ccc(OC3CCCCC3)cc2cn1)C1CC1
CHEMBL402891,6.71,COc1ccc(CSc2nnc(NC(=O)c3ccc(F)cc3)s2)cc1
CHEMBL3685051,7.47,CCn1nccc1C(=O)Nc1cc2ccc(-c3cc(F)ccc3C)cc2cn1
CHEMBL3685154,9.05,Cc1cc(N)ncc1-c1ccc2cc(NC(=O)C3CC3)ncc2c1
CHEMBL3685184,9.7,Cc1c(CO)cncc1-c1ccc2cc(NC(=O)C3CC3)ncc2c1
CHEMBL261827,7,Fc1ccc(C(Cl)Cn2ncc3c(NCc4cccc(F)c4)ncnc32)cc1
CHEMBL3689578,10.3,Cc1ccncc1-c1ccc2cc(NC(=O)C3CC3F)ncc2c1
CHEMBL3689553,9.52,O=C(Nc1cc2ccc(-c3cnccc3C(F)(F)F)cc2cn1)C1CC1
CHEMBL2397817,7.22,Cc1ccc(C(Cl)Cn2ncc3c(Nc4ccccc4)ncnc32)cc1
CHEMBL3685032,8.15,Cc1ccc(F)cc1-c1ccc2cc(NC(=O)c3ccncc3)ncc2c1
CHEMBL3685094,7.82,Cc1ccc(F)cc1-c1ccc2c(Cl)c(N)ncc2c1
CHEMBL3689633,10,CNC(=O)Nc1cc2ccc(-c3cnccc3C)cc2cn1
CHEMBL406845,6.3,CC(C)(C)n1nc(-c2ccc(Cl)cc2)c2c(N)ncnc21
CHEMBL3685031,9,Cc1ccc(F)cc1-c1ccc2cc(NC(=O)C3CCN(C)CC3)ncc2c1
CHEMBL3689672,8,Cc1ccc(F)cc1-c1cc2cnc(NC(=O)C3CC3)cc2c(CN(C)C)n1
CHEMBL3689740,9.66,Cc1cc(C(C)(C)O)ncc1-c1cc2cnc(NC(=O)C3CC3F)cc2cn1
CHEMBL3689613,8.785,Cc1ccc(C(=O)NC2CCOC2)cc1-c1ccc2cc(NC(=O)C3CC3)ncc2c1
CHEMBL473102,6.7,CSc1nc(NCCc2ccccc2)c2cnn(CC(Cl)c3ccc(F)cc3)c2n1
CHEMBL255164,6.65,O=C(Nc1nnc(SCc2ccc(Br)cc2)s1)c1ccccc1Cl
CHEMBL3685010,9.4,Cc1ccc(F)cc1-c1ccc2cc(NC(=O)C3CC3(F)F)ncc2c1
CHEMBL2397807,5.48,Clc1ccc(Cl)c(CNc2ncnc3c2cnn3CC(Cl)c2ccc(Br)cc2)c1
CHEMBL3689580,8.7,Cc1cnc(F)cc1-c1ccc2cc(NC(=O)C3CC3)ncc2c1
CHEMBL3689645,9.52,Cc1ccncc1-c1cc2cnc(NC(=O)C3CC3)cc2cn1
CHEMBL3685120,7.74,O=C(Nc1cc2ccc(-c3cnccn3)cc2cn1)C1CC1
CHEMBL3394083,6.82,CSc1nc(Nc2cccc(O)c2)c2cnn(CC(Cl)c3ccccc3)c2n1
CHEMBL3689748,8.3,Cc1ccc2[nH]ncc2c1-c1ccc2cc(NC(=O)C3CC3F)ncc2c1
CHEMBL3684997,8.15,Clc1ccccc1-c1ccc2cc(Nc3ccccn3)ncc2c1
CHEMBL2397808,5.96,Clc1ccc(CNc2ncnc3c2cnn3CC(Cl)c2ccc(Br)cc2)cc1Cl
CHEMBL3689643,8.7,O=C(Nc1cc2c(C3CC3)nc(-c3ccccc3Cl)cc2cn1)C1CC1
CHEMBL2030556,6.55,CC(C)n1nc(-c2cc3c(Cl)cccc3[nH]2)c2c(N)ncnc21
CHEMBL3689724,7.6,Cc1cc([S+](C)[O-])ncc1-c1ccc2cc(NC(=O)C3CC3F)ncc2c1
CHEMBL291273,5.82,CCOCCNc1nc(SC)nc2c1cnn2CC(Cl)c1ccccc1
CHEMBL399627,6.82,CSc1nc(Nc2cccc(Br)c2)c2cnn(CC(Cl)c3ccc(F)cc3)c2n1
CHEMBL271009,6.4,O=C(Nc1nnc(SCc2ccccc2)s1)c1ccc(Cl)cc1
CHEMBL473103,6.01,CSc1nc(N2CCOCC2)c2cnn(CC(Br)c3ccccc3)c2n1
CHEMBL3689658,9.7,Cc1ccc(F)cc1-c1cc2cnc(NC(=O)C3CC3)cc2c(CF)n1
CHEMBL3689729,9.355,Cc1ccnc(C(C)O)c1-c1ccc2cc(NC(=O)C3CC3F)ncc2c1
CHEMBL3685016,9.52,Cc1cc(F)ccc1-c1ccc2cc(NC(=O)C3CC3)ncc2c1
CHEMBL3685134,10.4,O=C(Nc1cc2ccc(-c3cccc4[nH]ncc34)cc2cn1)C1CC1
CHEMBL3689710,8.99,Clc1cccc(Cl)c1-c1ccc2cc(Nc3ccnc(N4CCOCC4)n3)ncc2c1
CHEMBL3689592,9.7,Cc1ncc(NC(=O)c2ccc(CN3CCN(C)CC3)c(C(F)(F)F)c2)cc1-c1ccc2cc(NC(=O)C3CC3)ncc2c1
CHEMBL241749,6.96,CSc1nc(NCc2ccccc2)c2cnn(CC(Cl)c3ccc(Cl)cc3)c2n1
CHEMBL515135,6.52,CCN(CC)c1nc(SC)nc2c1cnn2CC(Cl)c1ccc(Cl)cc1
CHEMBL3685176,8.15,Cc1ccc(NC(=O)C2CCN(C)CC2)cc1-c1ccc2cc(NC(=O)C3CC3)ncc2c1
CHEMBL3689612,9.3,Cc1ccc(C(=O)NC2CCCC2)cc1-c1ccc2cc(NC(=O)C3CC3)ncc2c1
CHEMBL402288,6.57,O=C(Nc1nnc(SCc2cccc(F)c2)s1)c1ccccc1Cl
CHEMBL3689644,8.7,O=C(Nc1cc2cnc(C3CCCCC3)cc2cn1)C1CC1
CHEMBL3689610,9.52,Cc1ccc(C(=O)NC2(C)CCC2)cc1-c1ccc2cc(NC(=O)C3CC3)ncc2c1
CHEMBL3685086,7.38,Cc1ccc(F)cc1-c1ccc2cc(NC(=O)C3(O)CC3)ncc2c1
CHEMBL3689747,7.66,O=C(Nc1cc2cnc(-c3ccccc3OC(F)(F)F)cc2cn1)C1CC1F
CHEMBL3685014,9.05,N#Cc1ncc(F)cc1-c1ccc2cc(NC(=O)C3CC3)ncc2c1
CHEMBL3689559,9.15,Cc1ccc(NC(=O)c2ccc(C3CCN(C)C3)cc2)cc1-c1ccc2cc(NC(=O)C3CC3)ncc2c1
CHEMBL3685137,9,Cc1nccnc1-c1ccc2cc(NC(=O)C3CC3)ncc2c1
CHEMBL391724,7.1,CSc1nc(NCc2ccccc2F)c2cnn(CC(Cl)c3ccccc3)c2n1
CHEMBL3689656,7.96,Cc1ccc(F)cc1-c1cc2cnc(NC(=O)C3CC3)cc2c(Nc2ccccc2)n1
CHEMBL3685059,8.4,O=C(Nc1cc2ccc(-c3cncnc3)cc2cn1)C1CC1
CHEMBL3689678,10.7,Cc1ccc2[nH]ncc2c1-c1cc2cnc(NC(=O)C3CC3F)cc2cn1
CHEMBL230686,7.71,Cc1cc(-c2c(Cl)cccc2Cl)cc2nnc(Nc3ccc(OCCN4CCCC4)cc3)nc12
CHEMBL2397801,6.05,ClC(Cn1ncc2c(Nc3ccccc3)ncnc21)c1ccccc1
CHEMBL1773092,5.68,Fc1ccc(C(Cl)Cn2ncc3c(NCc4ccccn4)ncnc32)cc1
CHEMBL3685058,8.05,Cc1ccc(F)cc1-c1ccc2cc(NC(=O)C(C)C)ncc2c1
CHEMBL3689572,8.05,Cc1ncc(NC(=O)C2CCOCC2)cc1-c1ccc2cc(NC(=O)C3CC3)ncc2c1
CHEMBL3689640,9.1,O=C(Nc1cc2c[n+]([O-])c(-c3ccccc3Cl)cc2cn1)C1CC1
CHEMBL3689623,9,Cc1c(F)cc(C(=O)NC2COC2)cc1-c1ccc2cc(NC(=O)C3CC3)ncc2c1
CHEMBL3685024,9.3,Cc1cc(F)c(F)cc1-c1ccc2cc(NC(=O)C3CC3)ncc2c1
CHEMBL3617740,5.92,CC(NC(=O)CCCCCC(=O)Nc1cccc(Nc2nccc(Nc3cc(C4CC4)[nH]n3)n2)c1)c1ccco1
CHEMBL473517,6.57,CSc1nc(NCCc2ccccc2)c2cnn(CC(Br)c3ccccc3)c2n1
CHEMBL3685114,8.7,Cc1ccncc1-c1ccc2cc(NC(=O)C3CCN(C)CC3)ncc2c1
CHEMBL3689594,9.52,Cc1ccc(NC(=O)C2(O)CCC2)cc1-c1ccc2cc(NC(=O)C3CC3)ncc2c1
CHEMBL3689751,7.38,Cc1ccc(C(=O)NC2(C)COC2)cc1-c1ccc2cc(N)ncc2c1
CHEMBL3685117,8.4,CCNC(=O)Nc1ncc2cc(-c3cc(F)ccc3C)ccc2c1F
CHEMBL1836675,6,CSc1nc(NCc2ccccc2F)c2cnn(CC(C)c3ccccc3)c2n1
CHEMBL1775042,6.66,OCCNc1nc(NCCc2ccccc2)c2cnn(C=Cc3ccccc3)c2n1
CHEMBL3685072,10,CNC(=O)Nc1cc2ccc(-c3cc(F)ccc3C)cc2cn1
CHEMBL473516,6.72,CSc1nc(NCc2ccccc2)c2cnn(CC(Br)c3ccccc3)c2n1
CHEMBL3689746,9.71,Cc1ccnc(CO)c1-c1ccc2cc(NC(=O)C3CC3F)ncc2c1
CHEMBL3685102,10,Cc1c[nH]nc1-c1ccc2cc(NC(=O)C3CC3)ncc2c1
CHEMBL3689682,7.82,O=C(Nc1cc2ccc(-c3c(Cl)cccc3Cl)nc2cn1)C1CC1
CHEMBL206575,5.3,Cc1ccc(N2NC(=O)C(=Cc3ccc(-c4ccc(C)c(Cl)c4)o3)C2=O)cc1C
CHEMBL272947,6.72,COc1ccc(CSc2nnc(NC(=O)c3ccc(Cl)cc3)s2)cc1
CHEMBL3689717,8.98,Cc1c(F)cncc1-c1cc2cnc(NC(=O)C3CC3F)cc2c[n+]1[O-]
CHEMBL41910,6.49,CCCCNc1nc(SCC)nc2c1cnn2CC(Cl)c1ccccc1
CHEMBL3394091,6.82,Oc1cccc(Nc2nc(SC3CCCC3)nc3c2cnn3CC(Cl)c2ccccc2)c1
CHEMBL2030558,5.26,COc1ccc(-c2nn(CC3CCNCC3)c3ncnc(N)c23)cc1C
CHEMBL3685148,9,CC(C)Cc1ccc2cc(NC(=O)C3CC3)ncc2c1
CHEMBL3685021,8.52,Cn1cc(-c2ccc3cc(NC(=O)C4CC4)ncc3c2)cn1
CHEMBL1775038,6.24,Fc1ccc(CNc2nc(SCCN3CCOCC3)nc3c2cnn3CC(Cl)c2ccccc2)cc1
CHEMBL3685075,9.22,COc1ccc(C)c(-c2ccc3cc(NC(=O)C4CC4)ncc3c2)c1
CHEMBL3689629,8.7,Cc1ccc(C(=O)NC2(C)COC2)cc1-c1ccc2cc(NC(=O)C3CC3)ncc2c1
CHEMBL3685066,9.7,N#Cc1ccc(F)cc1-c1ccc2cc(NC(=O)C3CC3)ncc2c1
CHEMBL3689727,9.35,CCOC1CC1C(=O)Nc1cc2ccc(-c3cnccc3C)cc2cn1
CHEMBL3685111,8.7,Cc1ccc(F)cc1-c1ccc2cc(NC(=O)C3CCNCC3)ncc2c1
CHEMBL3685109,8.22,O=C(Nc1cc2ccc(Oc3cccnc3)cc2cn1)C1CC1
CHEMBL3685037,9,O=C(Nc1cc2ccc(-c3ccc4[nH]ccc4c3)cc2cn1)C1CC1
CHEMBL3685116,7.43,CCNC(=O)Nc1ncc2cc(-c3cc(F)ccc3C)ccc2c1Cl
CHEMBL3689590,8.52,COC(C)(C)C(=O)Nc1ccc(C)c(-c2ccc3cc(NC(=O)C4CC4)ncc3c2)c1
CHEMBL3685182,9,O=C(Nc1cc2ccc(N3CCC(O)C3)cc2cn1)C1CC1
CHEMBL3685183,7.39,NCc1cccc(-c2ccc3cc(NC(=O)C4CC4)ncc3c2)c1
CHEMBL1785020,6.12,COc1ccc2cc(-c3nn(C(C)C)c4ncnc(N)c34)ccc2c1
CHEMBL270452,5.9,COc1ccc(CSc2nnc(NC(=O)c3ccccc3Cl)s2)cc1
CHEMBL3685011,8.52,Cc1cnc(C)c(-c2ccc3cc(NC(=O)C4CC4)ncc3c2)c1
CHEMBL454923,7,CCCSc1nc(NCc2ccccc2)c2cnn(CC(Cl)c3ccccc3)c2n1
CHEMBL3689723,10.05,Cc1ccc[n+]([O-])c1-c1ccc2cc(NC(=O)C3CC3)ncc2c1
CHEMBL3689662,9.52,Cc1nc(C)c(-c2nc(-c3cc(F)ccc3C)cc3cnc(NC(=O)C4CC4)cc23)s1
CHEMBL3689543,9.16,Cc1ccc(NC(=O)C2CCOC2)cc1-c1ccc2cc(NC(=O)C3CC3)ncc2c1
CHEMBL3685168,8.1,COCC(C)Oc1ccc2cc(NC(=O)C3CC3)ncc2c1
CHEMBL1241489,7.16,CC(C)n1nc(-c2ccc3ccccc3c2)c2c(N)ncnc21
CHEMBL3685077,9,Cc1ccc(N(C)C)cc1-c1ccc2cc(NC(=O)C3CC3)ncc2c1
CHEMBL3689604,9.4,Cc1ccc(NC(=O)N2CCC(O)C2)cc1-c1ccc2cc(NC(=O)C3CC3)ncc2c1
CHEMBL3689738,9.15,Cc1ccc(C(=O)NC2CC(F)(F)C2)cc1-c1ccc2cc(NC(=O)C3CC3)ncc2c1
CHEMBL3685133,9.22,Cc1ccc(F)cc1-c1ccc2cc(NC(=O)NC3CCOCC3)ncc2c1
CHEMBL1836676,5.73,CSc1nc(NCc2ccc(F)cc2)c2cnn(CC(C)c3ccccc3)c2n1
CHEMBL3684998,7.14,CSCNc1cc2ccc(-c3cc(F)ccc3Cl)cc2cn1
CHEMBL3689573,7.77,O=C(Nc1cc2ccc(NCCO)cc2cn1)C1CC1
CHEMBL236375,7.05,CSc1nc(NCc2ccccc2Cl)c2cnn(CC(Cl)c3ccccc3)c2n1
CHEMBL2397805,8.3,Clc1ccccc1CNc1ncnc2c1cnn2CC(Cl)c1ccc(Br)cc1
CHEMBL3689635,9.1,O=C(Nc1cc2c(Cl)nc(-c3ccccc3Cl)cc2cn1)C1CC1
CHEMBL3685026,7.77,O=C(Nc1cc2ccc(N3CCCC3)cc2cn1)C1CC1
CHEMBL3685050,9,Cc1ccc(F)cc1-c1ccc2cc(NC(=O)CN(C)C)ncc2c1
CHEMBL564746,6.46,CSc1nc(NCCc2ccc(Cl)cc2)c2cnn(CC(Cl)c3ccccc3)c2n1
CHEMBL3685174,9.7,Cc1ccc(NC(=O)C2CCOCC2)cc1-c1ccc2cc(NC(=O)C3CC3)ncc2c1
CHEMBL2397806,6.85,Clc1ccc(CNc2ncnc3c2cnn3CC(Cl)c2ccc(Br)cc2)cc1
CHEMBL3689546,9.4,Cc1ccc(NC(=O)N2CCOCC2)cc1-c1ccc2cc(NC(=O)C3CC3)ncc2c1
CHEMBL3689636,10,Cc1nc(-c2ccccc2Cl)cc2cnc(NC(=O)C3CC3)cc12
CHEMBL3689706,9.76,N#Cc1ccccc1-c1ccc2cc(NC(=O)C3CC3)ncc2c1
CHEMBL255324,7.05,O=C(Nc1nnc(SCc2ccc(Br)cc2)s1)c1ccc(F)cc1
CHEMBL3685177,10,Cc1ccc(NC(=O)c2ccc(CN(C)C)cc2)cc1-c1ccc2cc(NC(=O)C3CC3)ncc2c1
CHEMBL1836680,5.97,CSc1nc(Nc2cccc(Br)c2)c2cnn(CC(C)c3ccccc3)c2n1
CHEMBL255368,6.66,O=C(Nc1nnc(SCc2cccc(F)c2)s1)c1ccc(Cl)cc1
CHEMBL3689558,9.52,Cc1ccc(NC(=O)c2ccc(C3CCCN3C)cc2)cc1-c1ccc2cc(NC(=O)C3CC3)ncc2c1
CHEMBL3685053,6.44,COc1cccc(C(=O)Nc2cc3ccc(-c4cc(F)ccc4C)cc3cn2)c1
CHEMBL207471,6.3,Nc1[nH]cnc2nnc(-c3ccc(Cl)cc3)c1-2
CHEMBL3689556,7.98,O=C(Nc1cc2ccc(OC3COCC3O)cc2cn1)C1CC1
CHEMBL3689628,9.7,Cc1ccc(NC(=O)C2CCC2)c(F)c1-c1ccc2cc(NC(=O)C3CC3)ncc2c1
CHEMBL438610,4.24,O=C(Nc1ccccc1)Nc1nnc(Cc2ccccc2)s1
CHEMBL685,5.34,COC(=O)Nc1nc2ccc(C(=O)c3ccccc3)cc2[nH]1
CHEMBL207360,6,O=C1NN(c2ccc(Cl)c(Cl)c2)C(=O)C1=Cc1cccc(OCc2ccccc2)c1
CHEMBL3689638,7.7,O=C(Nc1cc2cnc(-c3ccccc3Cl)c(O)c2cn1)C1CC1
CHEMBL3685013,9,N#Cc1ccncc1-c1ccc2cc(NC(=O)C3CC3)ncc2c1
CHEMBL1242754,5.8,CC(C)n1nc(-c2cnc3ccccc3c2)c2c(N)ncnc21
CHEMBL404666,6.28,CC(C)(C)N1CN(c2ccc(Cl)cc2)C(N)=C2C=NN=C21
CHEMBL3685052,6.88,COc1ccccc1C(=O)Nc1cc2ccc(-c3cc(F)ccc3C)cc2cn1
CHEMBL3685121,7.38,Cc1cnc(-c2ccc3cc(NC(=O)C4CC4)ncc3c2)cn1
CHEMBL3685041,9.52,CC(=O)Nc1cc2ccc(-c3cc(F)ccc3C)cc2cn1
CHEMBL409082,7.15,O=C(Nc1nnc(SCc2ccccc2)s1)c1ccc(F)cc1
CHEMBL3685119,9.22,Cc1ccc(F)cc1-c1ccc2cc(Nc3cc(CO)ccn3)ncc2c1
CHEMBL3689618,9,Cc1cncc(C)c1-c1ccc2cc(NC(=O)C3CC3)ncc2c1
CHEMBL203493,5.01,C(=Cn1ncc2c(NCCc3ccccc3)ncnc21)c1ccccc1
CHEMBL3689616,9.22,Cc1ccc(C(=O)Nc2cnn(C)c2)cc1-c1ccc2cc(NC(=O)C3CC3)ncc2c1
CHEMBL3685034,7.28,COc1ccc(C(=O)Nc2cc3ccc(-c4cc(F)ccc4C)cc3cn2)cc1
CHEMBL3689630,8,Cc1ccc(C(=O)NC2(C)COC2)cc1-c1ccc2cc(NC(=O)C3CC3F)ncc2c1
CHEMBL551542,6.52,COc1ccc(CNc2nc(SC)nc3c2cnn3CC(Cl)c2ccccc2)cc1
CHEMBL3689634,9.4,O=C(Nc1cc2cnc(-c3cc(F)ccc3Cl)cc2cn1)C1CC1
CHEMBL3394082,6.37,CC(Cn1ncc2c(Nc3cccc(O)c3)nc(SCCN3CCOCC3)nc21)c1ccccc1
CHEMBL3689664,8.795,Cc1ccc(F)cc1-c1cc2cnc(NC(=O)C3CC3)cc2c(-c2ccncc2)n1
CHEMBL408291,6.12,O=C(Nc1nnc(SCc2cccc(Cl)c2)s1)c1ccccc1Cl
CHEMBL270492,7.7,Fc1ccc(C(Cl)Cn2ncc3c(NCc4ccccc4F)ncnc32)cc1
CHEMBL3689646,10,Cc1ccc(F)cc1-c1cc2cnc(NC(=O)C3CC3)cc2cn1
CHEMBL410931,6.36,Fc1ccc(C(Cl)Cn2ncc3c(NCc4ccccc4)ncnc32)cc1
CHEMBL3689687,8.1,Cc1ccc(F)cc1-c1cc(O)c2cc(NC(=O)C3CC3)ncc2n1
CHEMBL3689686,7.72,Cc1ccc(F)cc1-c1cc(C)c2cc(NC(=O)C3CC3)ncc2n1
CHEMBL1775036,6.86,Clc1cccc(Nc2nc(SCCN3CCOCC3)nc3c2cnn3CC(Cl)c2ccccc2)c1
CHEMBL3685080,9.52,Cc1ccnc(C)c1-c1ccc2cc(NC(=O)C3CC3)ncc2c1
CHEMBL3685043,8.7,Cc1ccc(F)cc1-c1ccc2cc(NC(=O)C(C)(C)C)ncc2c1
CHEMBL3689753,7.38,Cc1ncc(C(=O)NC2(C)CCC2)cc1-c1ccc2cc(N)ncc2c1
CHEMBL3685028,6.39,CN1CCN(c2ccc3cc(NC(=O)C4CC4)ncc3c2)CC1
CHEMBL3685001,6.36,Cc1ccc(F)cc1-c1ccc2cc(N)ncc2c1
CHEMBL454144,6.06,CCCNc1nc(SC)nc2c1cnn2CC(Br)c1ccccc1
CHEMBL3689679,7.38,Cc1ccc(C(=O)NC2(C)COC2)cc1-c1cc2cnc(NC(=O)C3CC3F)cc2cn1
CHEMBL273090,6.7,Fc1ccc(C(Cl)Cn2ncc3c(NCc4ccccc4Cl)ncnc32)cc1
CHEMBL3685112,8.52,Cc1ccc(F)cc1-c1ccc2cc(NC(=O)C3CCN(C)C3)ncc2c1
CHEMBL3689680,9.52,O=C(Nc1cc2ncc(-c3cc(F)ccc3Cl)cc2cn1)C1CC1
CHEMBL3689627,8.15,Cc1cc(C(C)(C)O)ccc1-c1ccc2cc(NC(=O)C3CC3)ncc2c1
CHEMBL3685070,7.57,Cc1ccc(F)cc1-c1ccc2cc(NS(C)(=O)=O)ncc2c1
CHEMBL3685167,7.96,CC(CO)Oc1ccc2cc(NC(=O)C3CC3)ncc2c1
CHEMBL3685103,9.05,Cc1ccc(F)cc1-c1ccc2c(Br)c(NC(=O)C3CC3)ncc2c1
CHEMBL3689725,8.38,Cc1cc(C(N)C(F)(F)F)ncc1-c1ccc2cc(NC(=O)C3CC3F)ncc2c1
CHEMBL3689661,9.4,Cc1ccc(F)cc1-c1cc2cnc(NC(=O)C3CC3)cc2c(-c2ccccc2)n1
CHEMBL289125,5.143333333,CSc1nc(NCCc2ccccc2)c2cnn(CC(Cl)c3ccccc3)c2n1
CHEMBL3685181,10.15,Cc1ccnc(CO)c1-c1ccc2cc(NC(=O)C3CC3)ncc2c1
CHEMBL3689624,9,Cc1ccc(C(=O)NC2COC2)c(F)c1-c1ccc2cc(NC(=O)C3CC3)ncc2c1
CHEMBL3689699,9.76,O=C(Nc1cc2ccc(-c3c(F)cccc3F)cc2cn1)C1CC1
CHEMBL403731,7.33,O=C(Nc1nnc(SCc2ccc(Br)cc2)s1)c1ccc(Cl)cc1
CHEMBL3689566,8.4,Cc1ncc(N)cc1-c1ccc2cc(NC(=O)C3CC3)ncc2c1
CHEMBL312214,5.32,CCCNc1nc(SC)nc2c1cnn2CC(Cl)c1ccccc1
CHEMBL454120,6.48,CCSc1nc(N(CC)CC)c2cnn(CC(Cl)c3ccccc3)c2n1
CHEMBL3685171,9,Cc1ccc(NC(=O)c2cnn(C)c2)cc1-c1ccc2cc(NC(=O)C3CC3)ncc2c1
CHEMBL378175,4.7,O=C1NN(c2ccc(I)cc2)C(=O)C1=Cc1ccc(N2CCOCC2)cc1
CHEMBL3689688,7.89,O=C(Nc1cc2ccc(C3(O)CCCCC3)nc2cn1)C1CC1
CHEMBL3685015,9,Cc1c(Cl)cccc1-c1ccc2cc(NC(=O)C3CC3)ncc2c1
CHEMBL3685003,7.92,Cc1ccc(F)cc1-c1ccc2cc(NC(=O)C3CCCC3)ncc2c1
CHEMBL401238,6.4,CSc1nc(Nc2ccccc2)c2cnn(CC(Cl)c3ccccc3)c2n1
CHEMBL3685153,8.3,Cc1cc(C(C)(C)O)cc(Nc2cc3ccc(-c4cc(F)ccc4C)cc3cn2)n1
CHEMBL3617732,6.01,CCCC(=O)Nc1cccc(Nc2nccc(Nc3cc(C4CC4)[nH]n3)n2)c1
CHEMBL3689625,9,Cc1ccc(C(=O)NC2CCOCC2)c(F)c1-c1ccc2cc(NC(=O)C3CC3)ncc2c1
CHEMBL3685130,8.7,Cc1ccc(C)c(-c2ccc3cc(NC(=O)C4CC4)ncc3c2)c1
CHEMBL2397816,5.74,FC(F)(F)c1cc(CNc2ncnc3c2cnn3CC(Cl)c2ccc(Br)cc2)cc(C(F)(F)F)c1
CHEMBL3689564,9.5,CCC(O)c1cc(C)c(-c2ccc3cc(NC(=O)C4CC4)ncc3c2)cn1
CHEMBL3689667,10,Cc1ccc(F)cc1-c1cc2cnc(NC(=O)C3CC3)cc2c(-c2cn[nH]c2)n1
CHEMBL3689593,8.52,CCS(=O)(=O)Nc1ccc(C)c(-c2ccc3cc(NC(=O)C4CC4)ncc3c2)c1
CHEMBL3685151,8.15,Cc1ccc(F)cc1-c1ccc2cc(NC(=O)C3CC3c3ccccc3)ncc2c1
CHEMBL3689690,8.15,O=C(Nc1cc2ccc(C3(O)CCCC3)nc2cn1)C1CC1
CHEMBL3689703,8.25,O=C(Nc1cc2ccc(-c3ccncc3)cc2cn1)C1CC1
CHEMBL3685054,9.52,O=C(Nc1cc2ccc(-c3cccc4[nH]ccc34)cc2cn1)C1CC1
CHEMBL235757,6.49,CSc1nc(NCCc2ccccc2Cl)c2cnn(CC(Cl)c3ccccc3)c2n1
CHEMBL443929,6.24,CCCNc1nc(SC)nc2c1cnn2CC(Cl)c1ccc(F)cc1
CHEMBL2397814,5.9,ClC(Cn1ncc2c(NCc3cccc(Br)c3)ncnc21)c1ccc(Br)cc1
CHEMBL1775040,6.47,CCCNc1nc(SCCN2CCOCC2)nc2c1cnn2CC(Cl)c1ccccc1
CHEMBL3689545,8,CNC(=O)c1cc(C)c(-c2ccc3cc(NC(=O)C4CC4)ncc3c2)cn1
CHEMBL3685029,8.7,O=C(Nc1cc2ccc(C3CCCC3)cc2cn1)C1CC1
CHEMBL379308,5.6,O=C1NN(c2ccc(I)cc2)C(=O)C1=Cc1cc2c(cc1Br)OCO2
CHEMBL3685006,7.59,Cc1ccc(F)cc1-c1ccc2cc(NC(=O)c3ccc(F)cc3)ncc2c1
CHEMBL3689647,9.52,Cc1ccc(F)cc1-c1cc2cnc(NC(=O)C3CC3)cc2c(C)[n+]1[O-]
CHEMBL3689652,8.4,Cc1ccc(F)cc1-c1cc2cnc(NC(=O)C3CC3)cc2c(OC2CCCC2)n1
CHEMBL3689689,8.22,O=C(Nc1cc2c(O)cc(-c3ccccc3Cl)nc2cn1)C1CC1
CHEMBL516070,6.66,CSc1nc(Nc2cccc(F)c2)c2cnn(CC(Cl)c3ccc(F)cc3)c2n1
CHEMBL3689568,10.175,Cc1cc(C(C)O)ncc1-c1ccc2cc(NC(=O)C3CC3)ncc2c1
CHEMBL3685018,9.22,COc1ccc(F)cc1-c1ccc2cc(NC(=O)C3CC3)ncc2c1
CHEMBL1775041,6.41,Clc1cccc(Nc2nc(N3CCOCC3)nc3c2cnn3CC(Cl)c2ccccc2)c1
CHEMBL3685008,7.3,Cc1ccc(F)cc1-c1ccc2cc(NC(=O)C3(C)CC3)ncc2c1
CHEMBL3685074,9.3,Cc1ncncc1-c1ccc2cc(NC(=O)C3CC3)ncc2c1
CHEMBL3689684,8.52,O=C(Nc1cc2ccc(-c3ccccc3Cl)nc2cn1)C1CC1
CHEMBL3685172,10,O=C(Nc1cc2ccc(-c3cccnc3CO)cc2cn1)C1CC1
CHEMBL3689721,9.57,Cc1c(-c2ccc3cc(NC(=O)C4CC4F)ncc3c2)cnc(C(C)(C)O)c1F
CHEMBL3685064,7.38,Cn1ccc(=O)c(-c2ccc3cc(NC(=O)C4CC4)ncc3c2)c1
CHEMBL1775043,5.7,CS(=O)(=O)c1nc(NCc2ccccc2)c2cnn(CC(Cl)c3ccccc3)c2n1
CHEMBL3689574,10.52,Cc1ccc2[nH]ncc2c1-c1ccc2cc(NC(=O)C3CC3)ncc2c1
CHEMBL3689575,10.4,Cc1ncc2[nH]ncc2c1-c1ccc2cc(NC(=O)C3CC3)ncc2c1
CHEMBL3689739,8.68,Cc1cc(C(C)(C)O)ncc1-c1ccc2cc(NC(=O)C3CC3F)ncc2c1
CHEMBL3685108,7.7,O=C(Nc1cc2ccc(Oc3ccc(F)cc3)cc2cn1)C1CC1
CHEMBL255522,7.08,O=C(Nc1nnc(SCc2ccc([N+](=O)[O-])cc2)s1)c1ccccc1Cl
CHEMBL3689750,8.11,Cc1ccc(C(=O)NC2(C)CCC2)cc1-c1ccc2cc(N)ncc2c1
CHEMBL392301,6.89,CCSc1nc(NCCc2ccccc2)c2cnn(CC(Cl)c3ccccc3)c2n1
CHEMBL241539,6.49,CSc1nc(NCc2cccc(F)c2)c2cnn(CC(Cl)c3ccccc3)c2n1
CHEMBL3685069,9,Cc1ccc(F)cc1-c1ccc2cc(NC(=O)C(F)F)ncc2c1
CHEMBL3685127,7.66,Cc1ccc(C(C)(C)O)cc1-c1ccc2cc(NC(=O)C3CC3)ncc2c1
CHEMBL3685078,8.7,Cc1cnccc1-c1ccc2cc(NC(=O)C3CC3)ncc2c1
CHEMBL3685044,9.52,COCC(=O)Nc1cc2ccc(-c3cc(F)ccc3C)cc2cn1
CHEMBL3685081,8.7,Cc1ncnc(C)c1-c1ccc2cc(NC(=O)C3CC3)ncc2c1
CHEMBL3689562,7.44,Cc1ccncc1-c1ccc2cc(N)ncc2c1
CHEMBL3689626,8.7,Cc1c(F)cc(NC(=O)C2CCC2)cc1-c1ccc2cc(NC(=O)C3CC3)ncc2c1
CHEMBL3685152,8.3,Cc1cc(CO)cc(Nc2cc3ccc(-c4cc(F)ccc4C)cc3cn2)n1
CHEMBL3685106,8.3,O=C(Nc1cc2ccc(Oc3cccc(F)c3)cc2cn1)C1CC1
CHEMBL3689615,7.96,Cc1ccc(C(=O)NC(C)(C)CO)cc1-c1ccc2cc(NC(=O)C3CC3)ncc2c1
CHEMBL3689544,10,Cc1cc(C(C)(C)O)ncc1-c1ccc2cc(NC(=O)C3CC3)ncc2c1
CHEMBL3685144,8.15,Nc1cc(-c2ccc3cc(NC(=O)C4CC4)ncc3c2)ccn1
CHEMBL3685000,8.7,COc1ccc(Cl)cc1-c1ccc2cc(NC(=O)C3CC3)ncc2c1
CHEMBL3685099,9.7,CCNC(=O)Nc1cc2ccc(-c3cc(F)ccc3C)cc2cn1
CHEMBL3685107,8.1,O=C(Nc1cc2ccc(Oc3cccc(Cl)c3)cc2cn1)C1CC1
CHEMBL1775037,6.57,ClC(Cn1ncc2c(NCCc3ccccc3)nc(SCCN3CCOCC3)nc21)c1ccccc1
CHEMBL3689591,9,Cc1ccc(C(=O)NC2COC2)cc1-c1ccc2cc(NC(=O)C3CC3)ncc2c1
CHEMBL3689749,9.38,Cc1ccc(C(=O)NC2CCC2)cc1-c1ccc2cc(NC(=O)C3CC3)ncc2c1
CHEMBL288280,6.5725,CSc1nc(NCc2ccccc2)c2cnn(CC(Cl)c3ccccc3)c2n1
CHEMBL40798,5.92,CCCCNc1nc(SC)nc2c1cnn2CC(Cl)c1ccccc1
CHEMBL3689639,8.3,O=C(Nc1cc2c(=O)[nH]c(-c3ccccc3Cl)cc2cn1)C1CC1
CHEMBL508986,6.55,CCCSc1nc(N(CC)CC)c2cnn(CC(Cl)c3ccccc3)c2n1
CHEMBL3685160,9,Cc1ccc(C(C)O)cc1-c1ccc2cc(NC(=O)C3CC3)ncc2c1
CHEMBL3689709,8.62,CN1CCN(c2nccc(Nc3cc4ccc(-c5c(Cl)cccc5Cl)cc4cn3)n2)CC1
CHEMBL3689745,9.23,Cc1ccc(C(=O)NC2(CO)CCC2)cc1-c1ccc2cc(NC(=O)C3CC3)ncc2c1
CHEMBL3689651,8.52,Cc1ccc(F)cc1-c1cc2cnc(NC(=O)C3CC3)cc2c(N2CCCCC2)n1
CHEMBL2408778,5.63,Nc1ncnc2c1c(-c1ccc(Cl)cc1)nn2-c1cccc(-c2cnnn2CCCCCC(=O)NO)c1
CHEMBL3685194,8.7,CC(CCO)Oc1ccc2cc(NC(=O)C3CC3)ncc2c1
CHEMBL3685063,9.15,Cc1ncc(F)cc1-c1ccc2cc(NC(=O)C3CC3)ncc2c1
CHEMBL3689555,8.7,COc1cc(C)c(-c2ccc3cc(NC(=O)C4CC4)ncc3c2)cn1
CHEMBL241540,7,CSc1nc(NCc2ccc(F)cc2)c2cnn(CC(Cl)c3ccccc3)c2n1
CHEMBL3685173,9.1,Cc1cc(C(=O)Nc2ccc(C)c(-c3ccc4cc(NC(=O)C5CC5)ncc4c3)c2)ccn1
CHEMBL3685027,8.7,O=C(Nc1cc2ccc(C3CCCCC3)cc2cn1)C1CC1
CHEMBL272999,7.14,O=C(Nc1nnc(SCc2cccc(Cl)c2)s1)c1ccc(Cl)cc1
CHEMBL3689579,9.4,Cc1ccncc1-c1ccc2cc(NC(=O)C3C4COCC43)ncc2c1
CHEMBL3689583,9,O=C(Nc1cc2ccc(-c3cncc4[nH]ncc34)cc2cn1)C1CC1
CHEMBL3689621,8.52,Cc1cc(C(=O)O)ncc1-c1ccc2cc(NC(=O)C3CC3)ncc2c1
CHEMBL3689737,9.285,CC1CCC(=O)N1c1ccc2cc(NC(=O)C3CC3F)ncc2c1
CHEMBL3685162,9.7,O=C(Nc1cc2ccc(-c3cc(CO)ccc3Cl)cc2cn1)C1CC1
CHEMBL3689587,8.7,COC(C)C(=O)Nc1ccc(C)c(-c2ccc3cc(NC(=O)C4CC4)ncc3c2)c1
CHEMBL3685085,9.3,O=C(Nc1cc2ccc(-c3cncc(F)c3)cc2cn1)C1CC1
CHEMBL3689549,9.3,Cc1ccc(NC(=O)N2CCOC(CO)C2)cc1-c1ccc2cc(NC(=O)C3CC3)ncc2c1
CHEMBL3685038,8.52,O=C(Nc1cc2ccc(N3CCC(O)CC3)cc2cn1)C1CC1
CHEMBL3684999,6.38,CNc1cc2ccc(-c3cc(F)ccc3Cl)cc2cn1
CHEMBL3689742,8.77,Cc1cc(C(O)C(F)(F)F)ncc1-c1cc2cnc(NC(=O)C3CC3F)cc2cn1
CHEMBL3685033,7.07,Cc1ccc(F)cc1-c1ccc2cc(NC(=O)c3ccccc3F)ncc2c1
CHEMBL514140,6.47,CSc1nc(NCc2ccccc2F)c2cnn(CC(Cl)c3ccc(F)cc3)c2n1
CHEMBL1775045,5.92,Clc1ccc(C(Cl)Cn2ncc3c(NCc4ccccn4)ncnc32)cc1
CHEMBL2397797,6.74,Fc1ccc(C(Cl)Cn2ncc3c(Nc4cccc(Cl)c4)ncnc32)cc1
CHEMBL2397802,6.21,ClC(Cn1ncc2c(Nc3ccccc3)ncnc21)c1ccc(Br)cc1
CHEMBL3685047,8.7,O=C(Nc1cc2ccc(-c3ccccn3)cc2cn1)C1CC1
CHEMBL3685104,8.52,O=C(Nc1cc2ccc(Oc3ccccc3)cc2cn1)C1CC1
CHEMBL3685084,8.7,Cn1nccc1-c1ccc2cc(NC(=O)C3CC3)ncc2c1
CHEMBL3689595,7.38,Cc1ccc(F)cc1-c1ccc2cc(C(=O)NC3CC3)ncc2c1
CHEMBL3689619,8.3,Cc1ccncc1-c1ccc2c(C#N)c(N)ncc2c1
CHEMBL3689675,8.7,Cc1ccc(F)cc1-c1cc2cnc(NC(=O)C3CC3)cc2c(OC2CCNC2)n1
CHEMBL1775039,7.05,ClC(Cn1ncc2c(NCc3ccccc3)nc(SCCN3CCOCC3)nc21)c1ccccc1
CHEMBL270286,6.7,Fc1ccc(CNc2ncnc3c2cnn3CC(Cl)c2ccc(F)cc2)cc1
CHEMBL3689622,7.38,Cc1ccc(F)cc1-c1ccc2cc(C(=O)NC3CCC3)ncc2c1
CHEMBL3685124,9.7,Cc1ccc(F)cc1-c1ccc2cc(NC(=O)NC3COC3)ncc2c1
CHEMBL3689654,7.92,Cc1ccc(F)cc1-c1cc2cnc(NC(=O)C3CC3)cc2c(Oc2ccccc2)n1
CHEMBL3685093,8.4,O=C(Nc1cc2ccc(OC(F)F)cc2cn1)C1CC1
CHEMBL3685136,7.47,O=C(Nc1cc2ccc(-c3ccnnc3)cc2cn1)C1CC1
CHEMBL3689670,10,Cc1ccc(CO)cc1-c1cc2cnc(NC(=O)C3CC3)cc2cn1
CHEMBL3685067,9.05,N#Cc1ccc(Cl)cc1-c1ccc2cc(NC(=O)C3CC3)ncc2c1
CHEMBL3685005,7.39,Cc1ccc(F)cc1-c1ccc2cc(NC(=O)c3ccccc3)ncc2c1
CHEMBL408966,7.1,Clc1ccc(C(Cl)Cn2ncc3c(NCc4cccc(Cl)c4)ncnc32)cc1
CHEMBL3689550,9,CC(C)Sc1ccc2cc(NC(=O)C3CC3)ncc2c1
CHEMBL3685145,8.52,CC(C)=Cc1ccc2cc(NC(=O)C3CC3)ncc2c1
CHEMBL3685155,10,Cc1ccncc1-c1ccc2cc(Nc3cc(CO)ccn3)ncc2c1
CHEMBL3689607,9.7,Cc1ccncc1-c1ccc2cc(NC(=O)C3CC3(F)F)ncc2c1
CHEMBL3685046,8.52,COc1cccc(C#N)c1-c1ccc2cc(NC(=O)C3CC3)ncc2c1
CHEMBL3689598,8.7,COc1ccncc1-c1ccc2cc(NC(=O)C3CC3)ncc2c1
CHEMBL3689602,9.7,Cc1ccc(NC(=O)N2CCCC2CO)cc1-c1ccc2cc(NC(=O)C3CC3)ncc2c1
CHEMBL272169,5.7,Fc1ccc(CNc2ncnc3c2cnn3CC(Cl)c2ccccc2)cc1
CHEMBL3685025,6.67,Cc1ccc(F)cc1-c1ccc2cc(N=C3NC(C)(C)CO3)ncc2c1
CHEMBL3689600,9.52,Cc1ccc(NC(=O)N2CCC2)cc1-c1ccc2cc(NC(=O)C3CC3)ncc2c1
CHEMBL3689614,9,COCCNC(=O)c1ccc(C)c(-c2ccc3cc(NC(=O)C4CC4)ncc3c2)c1
CHEMBL453358,6.4,CSc1nc(NCCc2ccccc2F)c2cnn(CC(Cl)c3ccccc3)c2n1
CHEMBL3689713,9.385,Cc1c(-c2ccc3cc(NC(=O)C4CC4F)ncc3c2)cnc(C(O)C(F)(F)F)c1Cl
CHEMBL3685197,8.4,Cc1ccccc1-c1ccc2cnc(NC(=O)C3CC3)cc2c1
CHEMBL400211,6.22,CSc1nc(Nc2cccc(Cl)c2)c2cnn(CC(Cl)c3ccccc3)c2n1
CHEMBL3689681,7.96,CCc1nc2cc(NC(=O)C3CC3)ncc2cc1-c1ccccc1Cl
CHEMBL3684995,8.22,O=C(Nc1cc2ccc(N3CCCCC3)cc2cn1)C1CC1
CHEMBL3685159,7.96,CC(C)(CO)Oc1ccc2cc(NC(=O)C3CC3)ncc2c1
CHEMBL3689692,8.715,Cc1ccncc1-c1ccc2cc(NC(=O)C3CCO3)ncc2c1
CHEMBL473726,6.8,CN(C)c1nc(NCc2ccccc2)c2cnn(CC(Cl)c3ccccc3)c2n1
CHEMBL3689540,9.52,Cc1ccc(NC(=O)C2CCC2)cc1-c1ccc2cc(NC(=O)C3CC3)ncc2c1
CHEMBL3689695,9.79,O=C(Nc1cc2ccc(-c3c(F)ccc(F)c3Cl)cc2cn1)C1CC1
CHEMBL3689683,6.67,OCc1cccc(Nc2cc3ccc(-c4ccccc4Cl)nc3cn2)c1
CHEMBL475336,6.4,CCCNc1nc(SC)nc2c1cnn2CC(Cl)c1ccc(Cl)cc1
CHEMBL515885,6.3,CSc1nc(N2CCOCC2)c2cnn(CC(Cl)c3ccc(Cl)cc3)c2n1
CHEMBL3393071,6.92,CC(C)Sc1nc(Nc2cccc(O)c2)c2cnn(CC(Cl)c3ccccc3)c2n1
CHEMBL455164,6.06,CSc1nc(N2CCCCC2)c2cnn(CC(Br)c3ccccc3)c2n1
CHEMBL3685030,8.52,Cc1ccc(F)cc1-c1ccc2cc(NC(=O)C3CCOCC3)ncc2c1
CHEMBL3685157,7.52,COc1ccc2cc(NC(=O)C3CC3)ncc2c1
CHEMBL3685128,8.4,COc1cccc(Nc2cc3ccc(-c4cc(F)ccc4C)cc3cn2)n1
CHEMBL3689754,7.38,Cc1ccc(C(=O)NC2(C)COC2)c(F)c1-c1ccc2cc(N)ncc2c1
CHEMBL3685131,7.38,Cc1cc(-c2ccc3cc(NC(=O)C4CC4)ncc3c2)ccn1
CHEMBL3685142,8.3,Cc1ccc(F)cc1-c1ccc2cc(NC(=O)OC(C)C)ncc2c1
CHEMBL3685017,9,Cc1cc(Cl)ccc1-c1ccc2cc(NC(=O)C3CC3)ncc2c1
CHEMBL428029,7.4,CCSc1nc(Nc2cccc(Cl)c2)c2cnn(CC(Cl)c3ccccc3)c2n1
CHEMBL3685178,10.05,Cc1c(N)cncc1-c1ccc2cc(NC(=O)C3CC3)ncc2c1
CHEMBL3689538,9.3,CN1CCN(Cc2ccc(C(=O)Nc3ccc(F)c(-c4ccc5cc(NC(=O)C6CC6)ncc5c4)c3)cc2)CC1
CHEMBL2397818,7.3,ClC(Cn1ncc2c(Nc3ccccc3)ncnc21)c1ccc(I)cc1
CHEMBL3685002,9,Cc1ccc(F)cc1-c1ccc2cc(NC(=O)C3CCC3)ncc2c1
CHEMBL3685091,7.38,Cc1ccc(F)cc1-c1ccc2cc(NCC3CC3)ncc2c1
CHEMBL3393986,6.89,Oc1cccc(Nc2nc(SCCN3CCOCC3)nc3c2cnn3CCc2ccccc2)c1
CHEMBL3685190,8.15,O=C(Nc1cc2ccc(OC3CCC3)cc2cn1)C1CC1
CHEMBL3689697,9.8,Cc1cccc(Cl)c1-c1ccc2cc(NC(=O)C3CC3)ncc2c1
CHEMBL3689693,7.6,O=C(Nc1cc2ccc(Br)cc2cn1)C1CC1
CHEMBL3685057,9.3,CCC(=O)Nc1cc2ccc(-c3cc(F)ccc3C)cc2cn1
CHEMBL3689704,9.15,O=C(Nc1cc2ccc(-c3cccnc3)cc2cn1)C1CC1
CHEMBL3689711,8.3,CCc1cc(Nc2cc3ccc(-c4c(Cl)cccc4Cl)cc3cn2)nc(N2CCOCC2)n1
CHEMBL3685096,10.52,Cc1ccc(CO)cc1-c1ccc2cc(NC(=O)C3CC3)ncc2c1
CHEMBL454119,6.96,CCCCNc1nc(SC)nc2c1cnn2CC(Cl)c1ccc(F)cc1
CHEMBL271008,6.43,O=C(Nc1nnc(SCc2cccc(Cl)c2)s1)c1ccc(F)cc1
CHEMBL3689701,9.17,Cc1ccc(Cl)cc1-c1ccc2cc(NC(=O)C3CC3)ncc2c1
CHEMBL3689730,9.49,Cc1ccnc(C(O)C(F)(F)F)c1-c1ccc2cc(NC(=O)C3CC3F)ncc2c1
CHEMBL3689694,9.63,O=C(Nc1cc2ccc(-c3c(F)cc(F)cc3Cl)cc2cn1)C1CC1
CHEMBL3685062,9.3,O=C(Nc1cc2ccc(-c3cc[nH]n3)cc2cn1)C1CC1
CHEMBL3689665,9.7,Cc1ccc(F)cc1-c1cc2cnc(NC(=O)C3CC3)cc2c(-c2cc[nH]n2)n1
CHEMBL241750,6.6,CSc1nc(NCc2ccccc2)c2cnn(CC(Cl)c3ccc(F)cc3)c2n1
CHEMBL3685122,7.38,O=C(Nc1cc2ccc(Oc3cncnc3)cc2cn1)C1CC1
CHEMBL3685110,9.7,COCCNC(=O)Nc1cc2ccc(-c3cc(F)ccc3C)cc2cn1
CHEMBL3689582,9.1,Cc1ccc(C(=O)NC2CCOCC2)cc1-c1ccc2cc(NC(=O)C3CC3)ncc2c1
CHEMBL429600,6.92,Fc1ccc(C(Cl)Cn2ncc3c(NCc4cccc(Cl)c4)ncnc32)cc1
CHEMBL2397799,6.59,ClC(Cn1ncc2c(Nc3cccc(Br)c3)ncnc21)c1ccccc1
CHEMBL3689642,9.52,CCc1nc(-c2ccccc2Cl)cc2cnc(NC(=O)C3CC3)cc12
CHEMBL473727,6.49,CCCNc1nc(N(C)C)nc2c1cnn2CC(Cl)c1ccccc1
CHEMBL3689657,8.3,Cc1ccc(F)cc1-c1cc2cnc(NC(=O)C3CC3)cc2c(NC2CCCC2)n1
CHEMBL1775035,6.766666667,ClC(Cn1ncc2c(Nc3ccccc3)nc(SCCN3CCOCC3)nc21)c1ccccc1
CHEMBL3689611,9,Cc1ccc(C(=O)NC2(C)CCS(=O)(=O)C2)cc1-c1ccc2cc(NC(=O)C3CC3)ncc2c1
CHEMBL3689673,9,Cc1ccc(F)cc1-c1cc2cnc(NC(=O)C3CC3)cc2c(N2CCNCC2)n1
CHEMBL255225,6.98,O=C(Nc1nnc(SCc2ccc(F)cc2)s1)c1ccc(Cl)cc1
CHEMBL3689548,10.05,Cc1ccc(NC(=O)N2CCCC2)cc1-c1ccc2cc(NC(=O)C3CC3)ncc2c1
CHEMBL3685073,9,O=C(Nc1cc2ccc(Nc3ccccc3)cc2cn1)C1CC1
CHEMBL238559,6.4,CSc1nc(Nc2cccc(F)c2)c2cnn(CC(Cl)c3ccccc3)c2n1
CHEMBL3685079,8.52,Cc1ccc(F)cc1-c1ccc2cc(NC(=O)N(C)C)ncc2c1
CHEMBL3685083,7.89,O=C(Nc1cc2ccc(Sc3ccccc3)cc2cn1)C1CC1
CHEMBL3685088,9.7,N#Cc1ccc(O)cc1-c1ccc2cc(NC(=O)C3CC3)ncc2c1
CHEMBL510861,6.6,CCCNc1nc(SCCC)nc2c1cnn2CC(Cl)c1ccccc1
